{
    "0.07": {
        "4.0": {
            "ppumgat": {
                "HF": 0.036,
                "runtime": 81.1916914,
                "MC": 0.0261
            },
            "PSO2DI_v1": {
                "HF": 0.0379,
                "runtime": 3.3766873,
                "MC": 0.0052
            }
        },
        "6.0": {
            "ppumgat": {
                "HF": 0.0548,
                "runtime": 183.9122202,
                "MC": 0.0241
            },
            "PSO2DI_v1": {
                "HF": 0.054,
                "runtime": 5.9011797,
                "MC": 0.0106
            }
        },
        "2.0": {
            "ppumgat": {
                "HF": 0.0096,
                "runtime": 17.7749984,
                "MC": 0.4064
            },
            "PSO2DI_v1": {
                "HF": 0.0195,
                "runtime": 2.7069624,
                "MC": 0.0002
            }
        },
        "10.0": {
            "ppumgat": {
                "HF": 0.0898,
                "runtime": 295.1609529,
                "MC": 0.0415
            },
            "PSO2DI_v1": {
                "HF": 0.0855,
                "runtime": 4.2388539,
                "MC": 0.0297
            }
        },
        "1.5": {
            "ppumgat": {
                "HF": 0.0063,
                "runtime": 16.0543252,
                "MC": 0.3962
            },
            "PSO2DI_v1": {
                "HF": 0.014,
                "runtime": 0.418548,
                "MC": 0.0005
            }
        },
        "8.0": {
            "ppumgat": {
                "HF": 0.0389,
                "runtime": 240.1965489,
                "MC": 0.4226
            },
            "PSO2DI_v1": {
                "HF": 0.0769,
                "runtime": 7.2642772,
                "MC": 0.0022
            }
        }
    },
    "0.1": {
        "4.0": {
            "ppumgat": {
                "HF": 0.0,
                "runtime": 0.3645512,
                "MC": 0.0531
            },
            "PSO2DI_v1": {
                "HF": 0.0,
                "runtime": 0.0143197,
                "MC": 0.0062
            }
        },
        "6.0": {
            "ppumgat": {
                "HF": 0.0,
                "runtime": 0.5525003,
                "MC": 0.0831
            },
            "PSO2DI_v1": {
                "HF": 0.0,
                "runtime": 0.0221811,
                "MC": 0.0128
            }
        },
        "2.0": {
            "ppumgat": {
                "HF": 0.003,
                "runtime": 0.8280369,
                "MC": 0.0184
            },
            "PSO2DI_v1": {
                "HF": 0.0,
                "runtime": 0.4545524,
                "MC": 0.0123
            }
        },
        "10.0": {
            "ppumgat": {
                "HF": 0.006,
                "runtime": 0.790616,
                "MC": 0.1333
            },
            "PSO2DI_v1": {
                "HF": 0.0,
                "runtime": 0.0257335,
                "MC": 0.0033
            }
        },
        "8.0": {
            "ppumgat": {
                "HF": 0.0,
                "runtime": 0.6967939,
                "MC": 0.1307
            },
            "PSO2DI_v1": {
                "HF": 0.0,
                "runtime": 0.3226694,
                "MC": 0.0131
            }
        }
    },
    "0.09": {
        "1.5": {
            "ppumgat": {
                "HF": 0.0029,
                "runtime": 0.7470171,
                "MC": 0.1729
            },
            "PSO2DI_v1": {
                "HF": 0.0059,
                "runtime": 0.0104118,
                "MC": 0.0
            }
        }
    },
    "0.08": {
        "1.5": {
            "ppumgat": {
                "HF": 0.0113,
                "runtime": 4.4048155,
                "MC": 0.0078
            },
            "PSO2DI_v1": {
                "HF": 0.0109,
                "runtime": 0.109253,
                "MC": 0.0055
            }
        }
    },
    "0.05": {
        "1.5": {
            "ppumgat": {
                "HF": 0.0129,
                "runtime": 82.274402,
                "MC": 0.0515
            },
            "PSO2DI_v1": {
                "HF": 0.0148,
                "runtime": 4.1817295,
                "MC": 0.0003
            }
        }
    },
    "0.06": {
        "4.0": {
            "ppumgat": {
                "HF": 0.037,
                "runtime": 99.1302209,
                "MC": 0.043
            },
            "PSO2DI_v1": {
                "HF": 0.0396,
                "runtime": 3.5428798,
                "MC": 0.0001
            }
        },
        "6.0": {
            "ppumgat": {
                "HF": 0.0541,
                "runtime": 119.295445,
                "MC": 0.0475
            },
            "PSO2DI_v1": {
                "HF": 0.0583,
                "runtime": 4.5581854,
                "MC": 0.0039
            }
        },
        "2.0": {
            "ppumgat": {
                "HF": 0.0179,
                "runtime": 107.2495507,
                "MC": 0.0242
            },
            "PSO2DI_v1": {
                "HF": 0.0194,
                "runtime": 2.8528754,
                "MC": 0.0001
            }
        },
        "10.0": {
            "ppumgat": {
                "HF": 0.0867,
                "runtime": 529.9996394,
                "MC": 0.0825
            },
            "PSO2DI_v1": {
                "HF": 0.0955,
                "runtime": 23.2768061,
                "MC": 0.0102
            }
        },
        "1.5": {
            "ppumgat": {
                "HF": 0.0129,
                "runtime": 32.8896068,
                "MC": 0.0256
            },
            "PSO2DI_v1": {
                "HF": 0.0144,
                "runtime": 1.2692266,
                "MC": 0.0008
            }
        },
        "8.0": {
            "ppumgat": {
                "HF": 0.0389,
                "runtime": 384.9545468,
                "MC": 0.4573
            },
            "PSO2DI_v1": {
                "HF": 0.0782,
                "runtime": 35.0045245,
                "MC": 0.0045
            }
        }
    }
}
