{
    "0.3": {
        "5.0": {
            "ppumgat": {
                "HF": 0.0003,
                "runtime": 260.7260936,
                "MC": 0.9818
            },
            "PSO2DI_v1": {
                "HF": 0.0499,
                "runtime": 2.5017546,
                "MC": 0.0
            }
        },
        "1.2": {
            "ppumgat": {
                "HF": 0.0,
                "runtime": 62.7518181,
                "MC": 0.9677
            },
            "PSO2DI_v1": {
                "HF": 0.012,
                "runtime": 0.454834,
                "MC": 0.0
            }
        },
        "0.7": {
            "ppumgat": {
                "HF": 0.0,
                "runtime": 82.4015002,
                "MC": 0.9505
            },
            "PSO2DI_v1": {
                "HF": 0.0066,
                "runtime": 6.5282111,
                "MC": 0.0003
            }
        },
        "0.9": {
            "ppumgat": {
                "HF": 0.0,
                "runtime": 198.2953248,
                "MC": 0.9654
            },
            "PSO2DI_v1": {
                "HF": 0.009,
                "runtime": 1.605196,
                "MC": 0.0
            }
        },
        "0.8": {
            "ppumgat": {
                "HF": 0.0,
                "runtime": 81.1385578,
                "MC": 0.9491
            },
            "PSO2DI_v1": {
                "HF": 0.0073,
                "runtime": 0.6957743,
                "MC": 0.0003
            }
        },
        "1.0": {
            "ppumgat": {
                "HF": 0.0,
                "runtime": 277.5579722,
                "MC": 0.954
            },
            "PSO2DI_v1": {
                "HF": 0.01,
                "runtime": 1.3099899,
                "MC": 0.0
            }
        },
        "0.6": {
            "ppumgat": {
                "HF": 0.0,
                "runtime": 21.825915,
                "MC": 0.9338
            },
            "PSO2DI_v1": {
                "HF": 0.006,
                "runtime": 2.7423411,
                "MC": 0.0114
            }
        }
    },
    "0.32": {
        "1.2": {
            "ppumgat": {
                "HF": 0.0,
                "runtime": 4.5991727,
                "MC": 0.7879
            },
            "PSO2DI_v1": {
                "HF": 0.011,
                "runtime": 0.0993552,
                "MC": 0.0026
            }
        }
    },
    "0.35": {
        "1.2": {
            "ppumgat": {
                "HF": 0.0,
                "runtime": 0.9402015,
                "MC": 0.8162
            },
            "PSO2DI_v1": {
                "HF": 0.0118,
                "runtime": 0.0389391,
                "MC": 0.0072
            }
        }
    },
    "0.28": {
        "1.2": {
            "ppumgat": {
                "HF": 0.0,
                "runtime": 464.2058966,
                "MC": 0.9652
            },
            "PSO2DI_v1": {
                "HF": 0.0117,
                "runtime": 14.0482929,
                "MC": 0.001
            }
        }
    },
    "0.38": {
        "1.2": {
            "ppumgat": {
                "HF": 0.0,
                "runtime": 4.630831,
                "MC": 0.7432
            },
            "PSO2DI_v1": {
                "HF": 0.0133,
                "runtime": 0.0304379,
                "MC": 0.0
            }
        }
    },
    "0.34": {
        "1.2": {
            "ppumgat": {
                "HF": 0.0,
                "runtime": 2.0782998,
                "MC": 0.8185
            },
            "PSO2DI_v1": {
                "HF": 0.0103,
                "runtime": 0.4761785,
                "MC": 0.0366
            }
        }
    },
    "0.31": {
        "1.2": {
            "ppumgat": {
                "HF": 0.0005,
                "runtime": 88.16271,
                "MC": 0.9635
            },
            "PSO2DI_v1": {
                "HF": 0.0119,
                "runtime": 0.4974615,
                "MC": 0.0
            }
        }
    },
    "0.33": {
        "0.4": {
            "ppumgat": {
                "HF": 0.0,
                "runtime": 1.6674798,
                "MC": 0.7896
            },
            "PSO2DI_v1": {
                "HF": 0.0038,
                "runtime": 0.0460389,
                "MC": 0.0089
            }
        },
        "1.2": {
            "ppumgat": {
                "HF": 0.0,
                "runtime": 23.5017667,
                "MC": 0.9118
            },
            "PSO2DI_v1": {
                "HF": 0.0126,
                "runtime": 0.1502201,
                "MC": 0.0
            }
        },
        "0.2": {
            "ppumgat": {
                "HF": 0.0,
                "runtime": 1.6892279,
                "MC": 0.7899
            },
            "PSO2DI_v1": {
                "HF": 0.0025,
                "runtime": 0.04097,
                "MC": 0.0165
            }
        },
        "0.8": {
            "ppumgat": {
                "HF": 0.0,
                "runtime": 2.6487196,
                "MC": 0.8677
            },
            "PSO2DI_v1": {
                "HF": 0.0063,
                "runtime": 0.0595735,
                "MC": 0.0013
            }
        },
        "1.0": {
            "ppumgat": {
                "HF": 0.0,
                "runtime": 1.9004917,
                "MC": 0.7883
            },
            "PSO2DI_v1": {
                "HF": 0.0088,
                "runtime": 0.0575419,
                "MC": 0.0153
            }
        },
        "0.6": {
            "ppumgat": {
                "HF": 0.0,
                "runtime": 55.8295619,
                "MC": 0.8945
            },
            "PSO2DI_v1": {
                "HF": 0.0063,
                "runtime": 0.1328766,
                "MC": 0.0
            }
        }
    },
    "0.37": {
        "1.2": {
            "ppumgat": {
                "HF": 0.0,
                "runtime": 3.6664651,
                "MC": 0.7805
            },
            "PSO2DI_v1": {
                "HF": 0.0097,
                "runtime": 0.0290558,
                "MC": 0.0
            }
        }
    },
    "0.36": {
        "1.2": {
            "ppumgat": {
                "HF": 0.0,
                "runtime": 0.6357756,
                "MC": 0.7893
            },
            "PSO2DI_v1": {
                "HF": 0.0099,
                "runtime": 0.0943762,
                "MC": 0.0201
            }
        }
    },
    "0.29": {
        "1.2": {
            "ppumgat": {
                "HF": 0.0,
                "runtime": 152.5399857,
                "MC": 0.9599
            },
            "PSO2DI_v1": {
                "HF": 0.0121,
                "runtime": 3.4919392,
                "MC": 0.0
            }
        }
    }
}
